題號,標題,連結
704,Binary Search,https://leetcode.cn/problems/binary-search
27,Remove Element,https://leetcode.cn/problems/remove-element
206,Reverse Linked List,https://leetcode.cn/problems/reverse-linked-list
203,Remove Linked List Elements,https://leetcode.cn/problems/remove-linked-list-elements
19,Remove Nth Node From End of List,https://leetcode.cn/problems/remove-nth-node-from-end-of-list
21,Merge Two Sorted Lists,https://leetcode.cn/problems/merge-two-sorted-lists
141,Linked List Cycle,https://leetcode.cn/problems/linked-list-cycle
142,Linked List Cycle II,https://leetcode.cn/problems/linked-list-cycle-ii
234,Palindrome Linked List,https://leetcode.cn/problems/palindrome-linked-list
876,Middle of the Linked List,https://leetcode.cn/problems/middle-of-the-linked-list

